filename,en
678053.mp3,Olivaceous Woodcreeper
678050.mp3,Olivaceous Woodcreeper
669036.mp3,Olivaceous Woodcreeper
662171.mp3,Olivaceous Woodcreeper
659099.mp3,Olivaceous Woodcreeper
618921.mp3,Olivaceous Woodcreeper
595491.mp3,Olivaceous Woodcreeper
592804.mp3,Olivaceous Woodcreeper
587236.mp3,Olivaceous Woodcreeper
584532.mp3,Olivaceous Woodcreeper
570675.mp3,Olivaceous Woodcreeper
570673.mp3,Olivaceous Woodcreeper
565150.mp3,Olivaceous Woodcreeper
541162.mp3,Olivaceous Woodcreeper
522703.mp3,Olivaceous Woodcreeper
495911.mp3,Olivaceous Woodcreeper
493832.mp3,Olivaceous Woodcreeper
483479.mp3,Olivaceous Woodcreeper
482160.mp3,Olivaceous Woodcreeper
479867.mp3,Olivaceous Woodcreeper
435648.mp3,Olivaceous Woodcreeper
435444.mp3,Olivaceous Woodcreeper
435443.mp3,Olivaceous Woodcreeper
432357.mp3,Olivaceous Woodcreeper
428636.mp3,Olivaceous Woodcreeper
421810.mp3,Olivaceous Woodcreeper
421503.mp3,Olivaceous Woodcreeper
419133.mp3,Olivaceous Woodcreeper
415019.mp3,Olivaceous Woodcreeper
403833.mp3,Olivaceous Woodcreeper
403832.mp3,Olivaceous Woodcreeper
394820.mp3,Olivaceous Woodcreeper
388507.mp3,Olivaceous Woodcreeper
337375.mp3,Olivaceous Woodcreeper
333059.mp3,Olivaceous Woodcreeper
329794.mp3,Olivaceous Woodcreeper
328525.mp3,Olivaceous Woodcreeper
294732.mp3,Olivaceous Woodcreeper
292225.mp3,Olivaceous Woodcreeper
286741.mp3,Olivaceous Woodcreeper
254595.mp3,Olivaceous Woodcreeper
254590.mp3,Olivaceous Woodcreeper
254529.mp3,Olivaceous Woodcreeper
254524.mp3,Olivaceous Woodcreeper
254520.mp3,Olivaceous Woodcreeper
252306.mp3,Olivaceous Woodcreeper
229787.mp3,Olivaceous Woodcreeper
229786.mp3,Olivaceous Woodcreeper
229781.mp3,Olivaceous Woodcreeper
176600.mp3,Olivaceous Woodcreeper
166047.mp3,Olivaceous Woodcreeper
138543.mp3,Olivaceous Woodcreeper
133634.mp3,Olivaceous Woodcreeper
113868.mp3,Olivaceous Woodcreeper
90631.mp3,Olivaceous Woodcreeper
80493.mp3,Olivaceous Woodcreeper
80491.mp3,Olivaceous Woodcreeper
76496.mp3,Olivaceous Woodcreeper
70844.mp3,Olivaceous Woodcreeper
70830.mp3,Olivaceous Woodcreeper
64851.mp3,Olivaceous Woodcreeper
43269.mp3,Olivaceous Woodcreeper
29500.mp3,Olivaceous Woodcreeper
26116.mp3,Olivaceous Woodcreeper
24080.mp3,Olivaceous Woodcreeper
23762.mp3,Olivaceous Woodcreeper
20949.mp3,Olivaceous Woodcreeper
7431.mp3,Olivaceous Woodcreeper
5513.mp3,Olivaceous Woodcreeper
5269.mp3,Olivaceous Woodcreeper
5267.mp3,Olivaceous Woodcreeper
674575.mp3,Olivaceous Woodcreeper
669562.mp3,Olivaceous Woodcreeper
669561.mp3,Olivaceous Woodcreeper
668986.mp3,Olivaceous Woodcreeper
668622.mp3,Olivaceous Woodcreeper
659191.mp3,Olivaceous Woodcreeper
606744.mp3,Olivaceous Woodcreeper
593181.mp3,Olivaceous Woodcreeper
592808.mp3,Olivaceous Woodcreeper
576387.mp3,Olivaceous Woodcreeper
536642.mp3,Olivaceous Woodcreeper
521973.mp3,Olivaceous Woodcreeper
520356.mp3,Olivaceous Woodcreeper
520353.mp3,Olivaceous Woodcreeper
520324.mp3,Olivaceous Woodcreeper
514657.mp3,Olivaceous Woodcreeper
500654.mp3,Olivaceous Woodcreeper
500340.mp3,Olivaceous Woodcreeper
497994.mp3,Olivaceous Woodcreeper
497981.mp3,Olivaceous Woodcreeper
483481.mp3,Olivaceous Woodcreeper
483476.mp3,Olivaceous Woodcreeper
483471.mp3,Olivaceous Woodcreeper
483164.mp3,Olivaceous Woodcreeper
464745.mp3,Olivaceous Woodcreeper
427954.mp3,Olivaceous Woodcreeper
423585.mp3,Olivaceous Woodcreeper
422954.mp3,Olivaceous Woodcreeper
422770.mp3,Olivaceous Woodcreeper
421502.mp3,Olivaceous Woodcreeper
421453.mp3,Olivaceous Woodcreeper
419603.mp3,Olivaceous Woodcreeper
419182.mp3,Olivaceous Woodcreeper
401106.mp3,Olivaceous Woodcreeper
340960.mp3,Olivaceous Woodcreeper
325760.mp3,Olivaceous Woodcreeper
325750.mp3,Olivaceous Woodcreeper
321376.mp3,Olivaceous Woodcreeper
318804.mp3,Olivaceous Woodcreeper
299048.mp3,Olivaceous Woodcreeper
297863.mp3,Olivaceous Woodcreeper
297862.mp3,Olivaceous Woodcreeper
285543.mp3,Olivaceous Woodcreeper
284581.mp3,Olivaceous Woodcreeper
254597.mp3,Olivaceous Woodcreeper
254528.mp3,Olivaceous Woodcreeper
254522.mp3,Olivaceous Woodcreeper
254521.mp3,Olivaceous Woodcreeper
247505.mp3,Olivaceous Woodcreeper
246803.mp3,Olivaceous Woodcreeper
229811.mp3,Olivaceous Woodcreeper
229810.mp3,Olivaceous Woodcreeper
229809.mp3,Olivaceous Woodcreeper
229808.mp3,Olivaceous Woodcreeper
229807.mp3,Olivaceous Woodcreeper
229804.mp3,Olivaceous Woodcreeper
229794.mp3,Olivaceous Woodcreeper
229793.mp3,Olivaceous Woodcreeper
192333.mp3,Olivaceous Woodcreeper
176523.mp3,Olivaceous Woodcreeper
166272.mp3,Olivaceous Woodcreeper
157401.mp3,Olivaceous Woodcreeper
142178.mp3,Olivaceous Woodcreeper
131337.mp3,Olivaceous Woodcreeper
90632.mp3,Olivaceous Woodcreeper
90630.mp3,Olivaceous Woodcreeper
90626.mp3,Olivaceous Woodcreeper
83142.mp3,Olivaceous Woodcreeper
83141.mp3,Olivaceous Woodcreeper
80492.mp3,Olivaceous Woodcreeper
80490.mp3,Olivaceous Woodcreeper
80489.mp3,Olivaceous Woodcreeper
80488.mp3,Olivaceous Woodcreeper
78861.mp3,Olivaceous Woodcreeper
76049.mp3,Olivaceous Woodcreeper
58334.mp3,Olivaceous Woodcreeper
58333.mp3,Olivaceous Woodcreeper
58332.mp3,Olivaceous Woodcreeper
58331.mp3,Olivaceous Woodcreeper
58330.mp3,Olivaceous Woodcreeper
58328.mp3,Olivaceous Woodcreeper
58326.mp3,Olivaceous Woodcreeper
50457.mp3,Olivaceous Woodcreeper
46160.mp3,Olivaceous Woodcreeper
43729.mp3,Olivaceous Woodcreeper
43391.mp3,Olivaceous Woodcreeper
38725.mp3,Olivaceous Woodcreeper
38724.mp3,Olivaceous Woodcreeper
37924.mp3,Olivaceous Woodcreeper
33793.mp3,Olivaceous Woodcreeper
33785.mp3,Olivaceous Woodcreeper
33232.mp3,Olivaceous Woodcreeper
30541.mp3,Olivaceous Woodcreeper
27069.mp3,Olivaceous Woodcreeper
20261.mp3,Olivaceous Woodcreeper
13412.mp3,Olivaceous Woodcreeper
1435.mp3,Olivaceous Woodcreeper
1434.mp3,Olivaceous Woodcreeper
659535.mp3,Olivaceous Woodcreeper
583952.mp3,Olivaceous Woodcreeper
570358.mp3,Olivaceous Woodcreeper
516216.mp3,Olivaceous Woodcreeper
487460.mp3,Olivaceous Woodcreeper
427955.mp3,Olivaceous Woodcreeper
422976.mp3,Olivaceous Woodcreeper
419181.mp3,Olivaceous Woodcreeper
402631.mp3,Olivaceous Woodcreeper
391931.mp3,Olivaceous Woodcreeper
348736.mp3,Olivaceous Woodcreeper
212239.mp3,Olivaceous Woodcreeper
212238.mp3,Olivaceous Woodcreeper
207580.mp3,Olivaceous Woodcreeper
182797.mp3,Olivaceous Woodcreeper
175716.mp3,Olivaceous Woodcreeper
156586.mp3,Olivaceous Woodcreeper
126818.mp3,Olivaceous Woodcreeper
126002.mp3,Olivaceous Woodcreeper
119615.mp3,Olivaceous Woodcreeper
119072.mp3,Olivaceous Woodcreeper
118473.mp3,Olivaceous Woodcreeper
96151.mp3,Olivaceous Woodcreeper
78863.mp3,Olivaceous Woodcreeper
58329.mp3,Olivaceous Woodcreeper
58327.mp3,Olivaceous Woodcreeper
58325.mp3,Olivaceous Woodcreeper
57519.mp3,Olivaceous Woodcreeper
39086.mp3,Olivaceous Woodcreeper
7330.mp3,Olivaceous Woodcreeper
6448.mp3,Olivaceous Woodcreeper
5733.mp3,Olivaceous Woodcreeper
586982.mp3,Olivaceous Woodcreeper
389463.mp3,Olivaceous Woodcreeper
144769.mp3,Olivaceous Woodcreeper
126823.mp3,Olivaceous Woodcreeper
126821.mp3,Olivaceous Woodcreeper
90629.mp3,Olivaceous Woodcreeper
38060.mp3,Olivaceous Woodcreeper
12116.mp3,Olivaceous Woodcreeper
6534.mp3,Olivaceous Woodcreeper
654251.mp3,Lesser Woodcreeper
618867.mp3,Lesser Woodcreeper
609829.mp3,Lesser Woodcreeper
606747.mp3,Lesser Woodcreeper
598723.mp3,Lesser Woodcreeper
593914.wav,Lesser Woodcreeper
572600.mp3,Lesser Woodcreeper
531969.mp3,Lesser Woodcreeper
528409.mp3,Lesser Woodcreeper
520351.mp3,Lesser Woodcreeper
504256.mp3,Lesser Woodcreeper
450289.mp3,Lesser Woodcreeper
428160.mp3,Lesser Woodcreeper
339545.mp3,Lesser Woodcreeper
338821.mp3,Lesser Woodcreeper
305092.mp3,Lesser Woodcreeper
285194.mp3,Lesser Woodcreeper
285193.mp3,Lesser Woodcreeper
278063.mp3,Lesser Woodcreeper
277899.mp3,Lesser Woodcreeper
254868.mp3,Lesser Woodcreeper
254866.mp3,Lesser Woodcreeper
254863.mp3,Lesser Woodcreeper
254862.mp3,Lesser Woodcreeper
254857.mp3,Lesser Woodcreeper
234950.mp3,Lesser Woodcreeper
224940.mp3,Lesser Woodcreeper
224939.mp3,Lesser Woodcreeper
224938.mp3,Lesser Woodcreeper
224937.mp3,Lesser Woodcreeper
224936.mp3,Lesser Woodcreeper
212478.mp3,Lesser Woodcreeper
209899.mp3,Lesser Woodcreeper
208776.mp3,Lesser Woodcreeper
80505.mp3,Lesser Woodcreeper
80504.mp3,Lesser Woodcreeper
80456.mp3,Lesser Woodcreeper
80455.mp3,Lesser Woodcreeper
80352.mp3,Lesser Woodcreeper
5531.mp3,Lesser Woodcreeper
4511.mp3,Lesser Woodcreeper
703.mp3,Lesser Woodcreeper
668612.mp3,Lesser Woodcreeper
665397.mp3,Lesser Woodcreeper
608430.mp3,Lesser Woodcreeper
587195.mp3,Lesser Woodcreeper
583783.mp3,Lesser Woodcreeper
580977.mp3,Lesser Woodcreeper
573733.mp3,Lesser Woodcreeper
552348.mp3,Lesser Woodcreeper
531967.mp3,Lesser Woodcreeper
524960.mp3,Lesser Woodcreeper
520331.mp3,Lesser Woodcreeper
512925.mp3,Lesser Woodcreeper
511857.mp3,Lesser Woodcreeper
511855.mp3,Lesser Woodcreeper
511496.mp3,Lesser Woodcreeper
493771.mp3,Lesser Woodcreeper
490731.mp3,Lesser Woodcreeper
469234.mp3,Lesser Woodcreeper
434951.mp3,Lesser Woodcreeper
430710.mp3,Lesser Woodcreeper
428648.mp3,Lesser Woodcreeper
421911.mp3,Lesser Woodcreeper
421410.mp3,Lesser Woodcreeper
419320.mp3,Lesser Woodcreeper
405504.mp3,Lesser Woodcreeper
403831.mp3,Lesser Woodcreeper
403830.mp3,Lesser Woodcreeper
389191.mp3,Lesser Woodcreeper
389047.mp3,Lesser Woodcreeper
389039.mp3,Lesser Woodcreeper
388434.mp3,Lesser Woodcreeper
348125.mp3,Lesser Woodcreeper
340410.mp3,Lesser Woodcreeper
340409.mp3,Lesser Woodcreeper
338832.mp3,Lesser Woodcreeper
338830.mp3,Lesser Woodcreeper
338596.mp3,Lesser Woodcreeper
338591.mp3,Lesser Woodcreeper
338539.mp3,Lesser Woodcreeper
326187.mp3,Lesser Woodcreeper
325893.mp3,Lesser Woodcreeper
319868.mp3,Lesser Woodcreeper
309164.mp3,Lesser Woodcreeper
294738.mp3,Lesser Woodcreeper
294737.mp3,Lesser Woodcreeper
292071.mp3,Lesser Woodcreeper
289292.mp3,Lesser Woodcreeper
287763.mp3,Lesser Woodcreeper
254894.mp3,Lesser Woodcreeper
254891.mp3,Lesser Woodcreeper
254890.mp3,Lesser Woodcreeper
254885.mp3,Lesser Woodcreeper
254881.mp3,Lesser Woodcreeper
254865.mp3,Lesser Woodcreeper
254859.mp3,Lesser Woodcreeper
254720.mp3,Lesser Woodcreeper
224944.mp3,Lesser Woodcreeper
224943.mp3,Lesser Woodcreeper
224942.mp3,Lesser Woodcreeper
224941.mp3,Lesser Woodcreeper
190578.mp3,Lesser Woodcreeper
187785.mp3,Lesser Woodcreeper
186393.mp3,Lesser Woodcreeper
177604.mp3,Lesser Woodcreeper
176530.mp3,Lesser Woodcreeper
176291.mp3,Lesser Woodcreeper
166279.mp3,Lesser Woodcreeper
149777.mp3,Lesser Woodcreeper
145741.mp3,Lesser Woodcreeper
145740.mp3,Lesser Woodcreeper
144775.mp3,Lesser Woodcreeper
144557.mp3,Lesser Woodcreeper
121516.mp3,Lesser Woodcreeper
119975.mp3,Lesser Woodcreeper
113864.mp3,Lesser Woodcreeper
113863.mp3,Lesser Woodcreeper
113861.mp3,Lesser Woodcreeper
112405.mp3,Lesser Woodcreeper
85863.mp3,Lesser Woodcreeper
80506.mp3,Lesser Woodcreeper
80503.mp3,Lesser Woodcreeper
80467.mp3,Lesser Woodcreeper
80454.mp3,Lesser Woodcreeper
80453.mp3,Lesser Woodcreeper
76042.mp3,Lesser Woodcreeper
62489.mp3,Lesser Woodcreeper
61644.mp3,Lesser Woodcreeper
61067.mp3,Lesser Woodcreeper
61066.mp3,Lesser Woodcreeper
28416.mp3,Lesser Woodcreeper
16815.mp3,Lesser Woodcreeper
10306.mp3,Lesser Woodcreeper
8464.mp3,Lesser Woodcreeper
5693.mp3,Lesser Woodcreeper
5171.mp3,Lesser Woodcreeper
558.mp3,Lesser Woodcreeper
627578.mp3,Lesser Woodcreeper
481895.mp3,Lesser Woodcreeper
430706.mp3,Lesser Woodcreeper
421336.mp3,Lesser Woodcreeper
419487.mp3,Lesser Woodcreeper
395113.mp3,Lesser Woodcreeper
366903.mp3,Lesser Woodcreeper
335453.mp3,Lesser Woodcreeper
326190.mp3,Lesser Woodcreeper
326038.mp3,Lesser Woodcreeper
326037.mp3,Lesser Woodcreeper
285384.mp3,Lesser Woodcreeper
254887.mp3,Lesser Woodcreeper
126851.mp3,Lesser Woodcreeper
121546.mp3,Lesser Woodcreeper
118704.mp3,Lesser Woodcreeper
75564.mp3,Lesser Woodcreeper
50458.mp3,Lesser Woodcreeper
34595.mp3,Lesser Woodcreeper
15258.mp3,Lesser Woodcreeper
13110.mp3,Lesser Woodcreeper
7458.mp3,Lesser Woodcreeper
7319.mp3,Lesser Woodcreeper
6752.mp3,Lesser Woodcreeper
373434.mp3,Lesser Woodcreeper
372981.mp3,Lesser Woodcreeper
366899.mp3,Lesser Woodcreeper
321324.mp3,Lesser Woodcreeper
126854.mp3,Lesser Woodcreeper
119886.mp3,Lesser Woodcreeper
58255.mp3,Lesser Woodcreeper
58254.mp3,Lesser Woodcreeper
58253.mp3,Lesser Woodcreeper
58252.mp3,Lesser Woodcreeper
58251.mp3,Lesser Woodcreeper
58250.mp3,Lesser Woodcreeper
16816.mp3,Lesser Woodcreeper
15257.mp3,Lesser Woodcreeper
212578.mp3,Lesser Woodcreeper
43268.mp3,Lesser Woodcreeper
22802.mp3,Lesser Woodcreeper
547305.mp3,Buff-throated Woodcreeper
537632.mp3,Buff-throated Woodcreeper
537631.mp3,Buff-throated Woodcreeper
535989.mp3,Buff-throated Woodcreeper
535988.mp3,Buff-throated Woodcreeper
535986.mp3,Buff-throated Woodcreeper
524795.mp3,Buff-throated Woodcreeper
524794.mp3,Buff-throated Woodcreeper
682992.mp3,Buff-throated Woodcreeper
672634.mp3,Buff-throated Woodcreeper
656965.mp3,Buff-throated Woodcreeper
656964.mp3,Buff-throated Woodcreeper
656094.mp3,Buff-throated Woodcreeper
599669.mp3,Buff-throated Woodcreeper
556681.mp3,Buff-throated Woodcreeper
556679.mp3,Buff-throated Woodcreeper
506368.mp3,Buff-throated Woodcreeper
504255.mp3,Buff-throated Woodcreeper
500031.mp3,Buff-throated Woodcreeper
499902.mp3,Buff-throated Woodcreeper
493421.mp3,Buff-throated Woodcreeper
493228.mp3,Buff-throated Woodcreeper
493226.mp3,Buff-throated Woodcreeper
493225.mp3,Buff-throated Woodcreeper
483186.mp3,Buff-throated Woodcreeper
479864.mp3,Buff-throated Woodcreeper
478403.mp3,Buff-throated Woodcreeper
456307.mp3,Buff-throated Woodcreeper
445966.mp3,Buff-throated Woodcreeper
441309.mp3,Buff-throated Woodcreeper
436772.mp3,Buff-throated Woodcreeper
431950.mp3,Buff-throated Woodcreeper
428164.mp3,Buff-throated Woodcreeper
428162.mp3,Buff-throated Woodcreeper
428161.mp3,Buff-throated Woodcreeper
421411.mp3,Buff-throated Woodcreeper
419269.mp3,Buff-throated Woodcreeper
407285.mp3,Buff-throated Woodcreeper
403811.mp3,Buff-throated Woodcreeper
403810.mp3,Buff-throated Woodcreeper
403809.mp3,Buff-throated Woodcreeper
403808.mp3,Buff-throated Woodcreeper
386484.mp3,Buff-throated Woodcreeper
384289.mp3,Buff-throated Woodcreeper
384285.mp3,Buff-throated Woodcreeper
344000.mp3,Buff-throated Woodcreeper
330086.mp3,Buff-throated Woodcreeper
307925.mp3,Buff-throated Woodcreeper
307019.mp3,Buff-throated Woodcreeper
306338.mp3,Buff-throated Woodcreeper
305393.mp3,Buff-throated Woodcreeper
301344.mp3,Buff-throated Woodcreeper
287952.mp3,Buff-throated Woodcreeper
269251.mp3,Buff-throated Woodcreeper
269250.mp3,Buff-throated Woodcreeper
269095.mp3,Buff-throated Woodcreeper
269090.mp3,Buff-throated Woodcreeper
269051.mp3,Buff-throated Woodcreeper
269050.mp3,Buff-throated Woodcreeper
232407.mp3,Buff-throated Woodcreeper
232403.mp3,Buff-throated Woodcreeper
232402.mp3,Buff-throated Woodcreeper
232401.mp3,Buff-throated Woodcreeper
232400.mp3,Buff-throated Woodcreeper
232399.mp3,Buff-throated Woodcreeper
232396.mp3,Buff-throated Woodcreeper
232395.mp3,Buff-throated Woodcreeper
232387.mp3,Buff-throated Woodcreeper
178118.mp3,Buff-throated Woodcreeper
169577.mp3,Buff-throated Woodcreeper
142670.mp3,Buff-throated Woodcreeper
122734.mp3,Buff-throated Woodcreeper
108506.mp3,Buff-throated Woodcreeper
91433.mp3,Buff-throated Woodcreeper
91432.mp3,Buff-throated Woodcreeper
91431.mp3,Buff-throated Woodcreeper
91428.mp3,Buff-throated Woodcreeper
91427.mp3,Buff-throated Woodcreeper
91426.mp3,Buff-throated Woodcreeper
91425.mp3,Buff-throated Woodcreeper
91422.mp3,Buff-throated Woodcreeper
91418.mp3,Buff-throated Woodcreeper
80509.mp3,Buff-throated Woodcreeper
80508.mp3,Buff-throated Woodcreeper
38611.mp3,Buff-throated Woodcreeper
38059.mp3,Buff-throated Woodcreeper
38057.mp3,Buff-throated Woodcreeper
16008.mp3,Buff-throated Woodcreeper
9632.mp3,Buff-throated Woodcreeper
659187.mp3,Buff-throated Woodcreeper
639888.mp3,Buff-throated Woodcreeper
639876.mp3,Buff-throated Woodcreeper
606223.mp3,Buff-throated Woodcreeper
602736.mp3,Buff-throated Woodcreeper
597787.mp3,Buff-throated Woodcreeper
594579.mp3,Buff-throated Woodcreeper
592973.mp3,Buff-throated Woodcreeper
565146.mp3,Buff-throated Woodcreeper
564699.mp3,Buff-throated Woodcreeper
556678.mp3,Buff-throated Woodcreeper
533577.mp3,Buff-throated Woodcreeper
513264.mp3,Buff-throated Woodcreeper
505833.mp3,Buff-throated Woodcreeper
504713.mp3,Buff-throated Woodcreeper
504254.mp3,Buff-throated Woodcreeper
500649.mp3,Buff-throated Woodcreeper
497991.mp3,Buff-throated Woodcreeper
491856.mp3,Buff-throated Woodcreeper
490105.mp3,Buff-throated Woodcreeper
484117.mp3,Buff-throated Woodcreeper
482135.mp3,Buff-throated Woodcreeper
482134.mp3,Buff-throated Woodcreeper
474958.mp3,Buff-throated Woodcreeper
456231.mp3,Buff-throated Woodcreeper
443010.mp3,Buff-throated Woodcreeper
431901.mp3,Buff-throated Woodcreeper
428166.mp3,Buff-throated Woodcreeper
428165.mp3,Buff-throated Woodcreeper
428163.mp3,Buff-throated Woodcreeper
427304.mp3,Buff-throated Woodcreeper
421157.mp3,Buff-throated Woodcreeper
420892.mp3,Buff-throated Woodcreeper
419488.mp3,Buff-throated Woodcreeper
409601.mp3,Buff-throated Woodcreeper
400648.mp3,Buff-throated Woodcreeper
385760.mp3,Buff-throated Woodcreeper
384895.mp3,Buff-throated Woodcreeper
358594.mp3,Buff-throated Woodcreeper
355187.mp3,Buff-throated Woodcreeper
316979.mp3,Buff-throated Woodcreeper
303649.mp3,Buff-throated Woodcreeper
300935.mp3,Buff-throated Woodcreeper
288633.mp3,Buff-throated Woodcreeper
269096.mp3,Buff-throated Woodcreeper
269094.mp3,Buff-throated Woodcreeper
269092.mp3,Buff-throated Woodcreeper
269089.mp3,Buff-throated Woodcreeper
269052.mp3,Buff-throated Woodcreeper
269049.mp3,Buff-throated Woodcreeper
265906.mp3,Buff-throated Woodcreeper
232430.mp3,Buff-throated Woodcreeper
232429.mp3,Buff-throated Woodcreeper
232424.mp3,Buff-throated Woodcreeper
232423.mp3,Buff-throated Woodcreeper
232422.mp3,Buff-throated Woodcreeper
232421.mp3,Buff-throated Woodcreeper
232410.mp3,Buff-throated Woodcreeper
232409.mp3,Buff-throated Woodcreeper
232408.mp3,Buff-throated Woodcreeper
232389.mp3,Buff-throated Woodcreeper
232388.mp3,Buff-throated Woodcreeper
213002.mp3,Buff-throated Woodcreeper
190849.mp3,Buff-throated Woodcreeper
174022.mp3,Buff-throated Woodcreeper
158848.mp3,Buff-throated Woodcreeper
143365.mp3,Buff-throated Woodcreeper
139213.mp3,Buff-throated Woodcreeper
130490.mp3,Buff-throated Woodcreeper
129755.mp3,Buff-throated Woodcreeper
126617.mp3,Buff-throated Woodcreeper
123245.mp3,Buff-throated Woodcreeper
119617.mp3,Buff-throated Woodcreeper
108673.mp3,Buff-throated Woodcreeper
108672.mp3,Buff-throated Woodcreeper
91430.mp3,Buff-throated Woodcreeper
91429.mp3,Buff-throated Woodcreeper
91424.mp3,Buff-throated Woodcreeper
91421.mp3,Buff-throated Woodcreeper
90850.mp3,Buff-throated Woodcreeper
85975.mp3,Buff-throated Woodcreeper
84081.mp3,Buff-throated Woodcreeper
80507.mp3,Buff-throated Woodcreeper
69738.mp3,Buff-throated Woodcreeper
69737.mp3,Buff-throated Woodcreeper
69736.mp3,Buff-throated Woodcreeper
69735.mp3,Buff-throated Woodcreeper
38058.mp3,Buff-throated Woodcreeper
15648.mp3,Buff-throated Woodcreeper
9630.mp3,Buff-throated Woodcreeper
5632.mp3,Buff-throated Woodcreeper
5233.mp3,Buff-throated Woodcreeper
4760.mp3,Buff-throated Woodcreeper
505314.mp3,Buff-throated Woodcreeper
419321.mp3,Buff-throated Woodcreeper
355186.mp3,Buff-throated Woodcreeper
346170.mp3,Buff-throated Woodcreeper
328895.mp3,Buff-throated Woodcreeper
328894.mp3,Buff-throated Woodcreeper
326040.mp3,Buff-throated Woodcreeper
309186.mp3,Buff-throated Woodcreeper
232433.mp3,Buff-throated Woodcreeper
232393.mp3,Buff-throated Woodcreeper
232392.mp3,Buff-throated Woodcreeper
174021.mp3,Buff-throated Woodcreeper
174020.mp3,Buff-throated Woodcreeper
119445.mp3,Buff-throated Woodcreeper
95467.mp3,Buff-throated Woodcreeper
80510.mp3,Buff-throated Woodcreeper
20390.mp3,Buff-throated Woodcreeper
4761.mp3,Buff-throated Woodcreeper
516444.mp3,Buff-throated Woodcreeper
179996.mp3,Buff-throated Woodcreeper
9631.mp3,Buff-throated Woodcreeper
537921.mp3,Buff-throated Woodcreeper
537920.mp3,Buff-throated Woodcreeper
677766.mp3,Yellow-olive Flatbill
672648.mp3,Yellow-olive Flatbill
670416.mp3,Yellow-olive Flatbill
668733.mp3,Yellow-olive Flatbill
658443.mp3,Yellow-olive Flatbill
656086.mp3,Yellow-olive Flatbill
645747.mp3,Yellow-olive Flatbill
626232.mp3,Yellow-olive Flatbill
616609.mp3,Yellow-olive Flatbill
607971.mp3,Yellow-olive Flatbill
607029.mp3,Yellow-olive Flatbill
598740.mp3,Yellow-olive Flatbill
595492.mp3,Yellow-olive Flatbill
586970.mp3,Yellow-olive Flatbill
583955.mp3,Yellow-olive Flatbill
576570.mp3,Yellow-olive Flatbill
568518.mp3,Yellow-olive Flatbill
568517.mp3,Yellow-olive Flatbill
567709.mp3,Yellow-olive Flatbill
556649.mp3,Yellow-olive Flatbill
556647.mp3,Yellow-olive Flatbill
556642.mp3,Yellow-olive Flatbill
552803.mp3,Yellow-olive Flatbill
550397.mp3,Yellow-olive Flatbill
536803.mp3,Yellow-olive Flatbill
522701.mp3,Yellow-olive Flatbill
512409.mp3,Yellow-olive Flatbill
507872.mp3,Yellow-olive Flatbill
504624.mp3,Yellow-olive Flatbill
493419.mp3,Yellow-olive Flatbill
479866.mp3,Yellow-olive Flatbill
470920.mp3,Yellow-olive Flatbill
459338.mp3,Yellow-olive Flatbill
437658.mp3,Yellow-olive Flatbill
436970.mp3,Yellow-olive Flatbill
436503.mp3,Yellow-olive Flatbill
435892.mp3,Yellow-olive Flatbill
435455.mp3,Yellow-olive Flatbill
428100.mp3,Yellow-olive Flatbill
421886.mp3,Yellow-olive Flatbill
408478.mp3,Yellow-olive Flatbill
402633.mp3,Yellow-olive Flatbill
395761.mp3,Yellow-olive Flatbill
393562.mp3,Yellow-olive Flatbill
384756.mp3,Yellow-olive Flatbill
368275.mp3,Yellow-olive Flatbill
356161.mp3,Yellow-olive Flatbill
338553.mp3,Yellow-olive Flatbill
328921.mp3,Yellow-olive Flatbill
328506.mp3,Yellow-olive Flatbill
323866.mp3,Yellow-olive Flatbill
319609.mp3,Yellow-olive Flatbill
316093.mp3,Yellow-olive Flatbill
298884.mp3,Yellow-olive Flatbill
291059.mp3,Yellow-olive Flatbill
283328.mp3,Yellow-olive Flatbill
283320.mp3,Yellow-olive Flatbill
283318.mp3,Yellow-olive Flatbill
283251.mp3,Yellow-olive Flatbill
283250.mp3,Yellow-olive Flatbill
283249.mp3,Yellow-olive Flatbill
268842.mp3,Yellow-olive Flatbill
268595.mp3,Yellow-olive Flatbill
268594.mp3,Yellow-olive Flatbill
268593.mp3,Yellow-olive Flatbill
268592.mp3,Yellow-olive Flatbill
263206.mp3,Yellow-olive Flatbill
255982.mp3,Yellow-olive Flatbill
254002.mp3,Yellow-olive Flatbill
253997.mp3,Yellow-olive Flatbill
231426.mp3,Yellow-olive Flatbill
231425.mp3,Yellow-olive Flatbill
231424.mp3,Yellow-olive Flatbill
231384.mp3,Yellow-olive Flatbill
231383.mp3,Yellow-olive Flatbill
212999.mp3,Yellow-olive Flatbill
207266.mp3,Yellow-olive Flatbill
207153.mp3,Yellow-olive Flatbill
206414.mp3,Yellow-olive Flatbill
204193.mp3,Yellow-olive Flatbill
187468.mp3,Yellow-olive Flatbill
187210.mp3,Yellow-olive Flatbill
186291.mp3,Yellow-olive Flatbill
179689.mp3,Yellow-olive Flatbill
177603.mp3,Yellow-olive Flatbill
176891.mp3,Yellow-olive Flatbill
174031.mp3,Yellow-olive Flatbill
172578.mp3,Yellow-olive Flatbill
166972.mp3,Yellow-olive Flatbill
166050.mp3,Yellow-olive Flatbill
155518.mp3,Yellow-olive Flatbill
134200.mp3,Yellow-olive Flatbill
133617.mp3,Yellow-olive Flatbill
130301.mp3,Yellow-olive Flatbill
122415.mp3,Yellow-olive Flatbill
96443.mp3,Yellow-olive Flatbill
96441.mp3,Yellow-olive Flatbill
90201.mp3,Yellow-olive Flatbill
85855.mp3,Yellow-olive Flatbill
81743.mp3,Yellow-olive Flatbill
81742.mp3,Yellow-olive Flatbill
81741.mp3,Yellow-olive Flatbill
81740.mp3,Yellow-olive Flatbill
81739.mp3,Yellow-olive Flatbill
58359.mp3,Yellow-olive Flatbill
58357.mp3,Yellow-olive Flatbill
57787.mp3,Yellow-olive Flatbill
57786.mp3,Yellow-olive Flatbill
57785.mp3,Yellow-olive Flatbill
49432.mp3,Yellow-olive Flatbill
41778.mp3,Yellow-olive Flatbill
30121.mp3,Yellow-olive Flatbill
30071.mp3,Yellow-olive Flatbill
29488.mp3,Yellow-olive Flatbill
13214.mp3,Yellow-olive Flatbill
6546.mp3,Yellow-olive Flatbill
5478.mp3,Yellow-olive Flatbill
663853.mp3,Yellow-olive Flatbill
663847.mp3,Yellow-olive Flatbill
648679.mp3,Yellow-olive Flatbill
643164.mp3,Yellow-olive Flatbill
616615.mp3,Yellow-olive Flatbill
611394.mp3,Yellow-olive Flatbill
602844.mp3,Yellow-olive Flatbill
602756.mp3,Yellow-olive Flatbill
592254.mp3,Yellow-olive Flatbill
589727.mp3,Yellow-olive Flatbill
589209.mp3,Yellow-olive Flatbill
583769.mp3,Yellow-olive Flatbill
581034.mp3,Yellow-olive Flatbill
573743.mp3,Yellow-olive Flatbill
558695.mp3,Yellow-olive Flatbill
556648.mp3,Yellow-olive Flatbill
555863.mp3,Yellow-olive Flatbill
546027.mp3,Yellow-olive Flatbill
544453.mp3,Yellow-olive Flatbill
512927.mp3,Yellow-olive Flatbill
510978.mp3,Yellow-olive Flatbill
495081.mp3,Yellow-olive Flatbill
483489.mp3,Yellow-olive Flatbill
479384.mp3,Yellow-olive Flatbill
476479.mp3,Yellow-olive Flatbill
469256.mp3,Yellow-olive Flatbill
466542.mp3,Yellow-olive Flatbill
463586.mp3,Yellow-olive Flatbill
461346.mp3,Yellow-olive Flatbill
460059.mp3,Yellow-olive Flatbill
456230.mp3,Yellow-olive Flatbill
436983.mp3,Yellow-olive Flatbill
436982.mp3,Yellow-olive Flatbill
431036.mp3,Yellow-olive Flatbill
428102.mp3,Yellow-olive Flatbill
428101.mp3,Yellow-olive Flatbill
428099.mp3,Yellow-olive Flatbill
409594.mp3,Yellow-olive Flatbill
393155.mp3,Yellow-olive Flatbill
388953.mp3,Yellow-olive Flatbill
388518.mp3,Yellow-olive Flatbill
388077.mp3,Yellow-olive Flatbill
385773.mp3,Yellow-olive Flatbill
345009.mp3,Yellow-olive Flatbill
343979.mp3,Yellow-olive Flatbill
343396.mp3,Yellow-olive Flatbill
343395.mp3,Yellow-olive Flatbill
338551.mp3,Yellow-olive Flatbill
332738.mp3,Yellow-olive Flatbill
330555.mp3,Yellow-olive Flatbill
329419.mp3,Yellow-olive Flatbill
318041.mp3,Yellow-olive Flatbill
303668.mp3,Yellow-olive Flatbill
299466.mp3,Yellow-olive Flatbill
295536.mp3,Yellow-olive Flatbill
285540.mp3,Yellow-olive Flatbill
283321.mp3,Yellow-olive Flatbill
283247.mp3,Yellow-olive Flatbill
269482.mp3,Yellow-olive Flatbill
247445.mp3,Yellow-olive Flatbill
231446.mp3,Yellow-olive Flatbill
231445.mp3,Yellow-olive Flatbill
231444.mp3,Yellow-olive Flatbill
231443.mp3,Yellow-olive Flatbill
231442.mp3,Yellow-olive Flatbill
231441.mp3,Yellow-olive Flatbill
231440.mp3,Yellow-olive Flatbill
231439.mp3,Yellow-olive Flatbill
231436.mp3,Yellow-olive Flatbill
231435.mp3,Yellow-olive Flatbill
231394.mp3,Yellow-olive Flatbill
231393.mp3,Yellow-olive Flatbill
212434.mp3,Yellow-olive Flatbill
212433.mp3,Yellow-olive Flatbill
187920.mp3,Yellow-olive Flatbill
186851.mp3,Yellow-olive Flatbill
170038.mp3,Yellow-olive Flatbill
165279.mp3,Yellow-olive Flatbill
145572.mp3,Yellow-olive Flatbill
141755.mp3,Yellow-olive Flatbill
123933.mp3,Yellow-olive Flatbill
122964.mp3,Yellow-olive Flatbill
121248.mp3,Yellow-olive Flatbill
115302.mp3,Yellow-olive Flatbill
96442.mp3,Yellow-olive Flatbill
90758.mp3,Yellow-olive Flatbill
83967.mp3,Yellow-olive Flatbill
81744.mp3,Yellow-olive Flatbill
76260.mp3,Yellow-olive Flatbill
62817.mp3,Yellow-olive Flatbill
62475.mp3,Yellow-olive Flatbill
61643.mp3,Yellow-olive Flatbill
57788.mp3,Yellow-olive Flatbill
42050.mp3,Yellow-olive Flatbill
38068.mp3,Yellow-olive Flatbill
33575.mp3,Yellow-olive Flatbill
15305.mp3,Yellow-olive Flatbill
11810.mp3,Yellow-olive Flatbill
4903.mp3,Yellow-olive Flatbill
4683.mp3,Yellow-olive Flatbill
503431.mp3,Yellow-olive Flatbill
481940.mp3,Yellow-olive Flatbill
470185.mp3,Yellow-olive Flatbill
466210.mp3,Yellow-olive Flatbill
389144.mp3,Yellow-olive Flatbill
385757.mp3,Yellow-olive Flatbill
358565.mp3,Yellow-olive Flatbill
330634.mp3,Yellow-olive Flatbill
325964.mp3,Yellow-olive Flatbill
305052.mp3,Yellow-olive Flatbill
283327.mp3,Yellow-olive Flatbill
283316.mp3,Yellow-olive Flatbill
268869.mp3,Yellow-olive Flatbill
205129.mp3,Yellow-olive Flatbill
182127.mp3,Yellow-olive Flatbill
175762.mp3,Yellow-olive Flatbill
169924.mp3,Yellow-olive Flatbill
131713.mp3,Yellow-olive Flatbill
129955.mp3,Yellow-olive Flatbill
129953.mp3,Yellow-olive Flatbill
120031.mp3,Yellow-olive Flatbill
119884.mp3,Yellow-olive Flatbill
93172.mp3,Yellow-olive Flatbill
87986.mp3,Yellow-olive Flatbill
76061.mp3,Yellow-olive Flatbill
70859.mp3,Yellow-olive Flatbill
58358.mp3,Yellow-olive Flatbill
20363.mp3,Yellow-olive Flatbill
17226.mp3,Yellow-olive Flatbill
10247.mp3,Yellow-olive Flatbill
344426.mp3,Yellow-olive Flatbill
252259.mp3,Yellow-olive Flatbill
170348.mp3,Yellow-olive Flatbill
537902.mp3,Yellow-olive Flatbill
5498.mp3,Yellow-olive Flatbill
419157.mp3,Blue Manakin
677770.mp3,Blue Manakin
676754.mp3,Blue Manakin
636593.mp3,Blue Manakin
609171.mp3,Blue Manakin
590304.mp3,Blue Manakin
573725.mp3,Blue Manakin
556213.mp3,Blue Manakin
556212.mp3,Blue Manakin
556211.mp3,Blue Manakin
549517.mp3,Blue Manakin
546166.mp3,Blue Manakin
539185.mp3,Blue Manakin
427201.mp3,Blue Manakin
426090.mp3,Blue Manakin
421721.mp3,Blue Manakin
421720.mp3,Blue Manakin
420453.mp3,Blue Manakin
415976.mp3,Blue Manakin
402628.mp3,Blue Manakin
389193.mp3,Blue Manakin
382487.mp3,Blue Manakin
349883.mp3,Blue Manakin
349537.mp3,Blue Manakin
348398.mp3,Blue Manakin
348321.mp3,Blue Manakin
347489.mp3,Blue Manakin
344288.mp3,Blue Manakin
338072.mp3,Blue Manakin
337431.mp3,Blue Manakin
337079.mp3,Blue Manakin
335984.mp3,Blue Manakin
330982.mp3,Blue Manakin
329381.mp3,Blue Manakin
319668.mp3,Blue Manakin
318040.mp3,Blue Manakin
315667.mp3,Blue Manakin
299656.mp3,Blue Manakin
299274.mp3,Blue Manakin
299273.mp3,Blue Manakin
291566.mp3,Blue Manakin
291565.mp3,Blue Manakin
286385.mp3,Blue Manakin
285522.mp3,Blue Manakin
284589.mp3,Blue Manakin
282255.mp3,Blue Manakin
278955.mp3,Blue Manakin
277118.mp3,Blue Manakin
269498.mp3,Blue Manakin
268906.mp3,Blue Manakin
268447.mp3,Blue Manakin
268446.mp3,Blue Manakin
243704.mp3,Blue Manakin
243703.mp3,Blue Manakin
243456.mp3,Blue Manakin
243453.mp3,Blue Manakin
220940.mp3,Blue Manakin
220939.mp3,Blue Manakin
220938.mp3,Blue Manakin
220936.mp3,Blue Manakin
220935.mp3,Blue Manakin
215647.mp3,Blue Manakin
171098.mp3,Blue Manakin
145514.mp3,Blue Manakin
133619.mp3,Blue Manakin
131334.mp3,Blue Manakin
131333.mp3,Blue Manakin
113212.mp3,Blue Manakin
70794.mp3,Blue Manakin
62232.mp3,Blue Manakin
58687.mp3,Blue Manakin
41919.mp3,Blue Manakin
41811.mp3,Blue Manakin
21598.mp3,Blue Manakin
20382.mp3,Blue Manakin
17579.mp3,Blue Manakin
15805.mp3,Blue Manakin
14696.mp3,Blue Manakin
11807.mp3,Blue Manakin
11735.mp3,Blue Manakin
6082.mp3,Blue Manakin
1347.mp3,Blue Manakin
658310.mp3,Blue Manakin
583351.mp3,Blue Manakin
583350.mp3,Blue Manakin
557760.mp3,Blue Manakin
555872.mp3,Blue Manakin
548898.mp3,Blue Manakin
541723.mp3,Blue Manakin
499733.mp3,Blue Manakin
499710.mp3,Blue Manakin
483585.mp3,Blue Manakin
469330.mp3,Blue Manakin
448498.mp3,Blue Manakin
396173.mp3,Blue Manakin
391948.mp3,Blue Manakin
330529.mp3,Blue Manakin
319520.mp3,Blue Manakin
299145.mp3,Blue Manakin
282254.mp3,Blue Manakin
282253.mp3,Blue Manakin
277274.mp3,Blue Manakin
220948.mp3,Blue Manakin
220947.mp3,Blue Manakin
220946.mp3,Blue Manakin
220945.mp3,Blue Manakin
220944.mp3,Blue Manakin
220943.mp3,Blue Manakin
211277.mp3,Blue Manakin
207608.mp3,Blue Manakin
206326.mp3,Blue Manakin
200169.mp3,Blue Manakin
189143.mp3,Blue Manakin
186125.mp3,Blue Manakin
186122.mp3,Blue Manakin
186121.mp3,Blue Manakin
186120.mp3,Blue Manakin
186119.mp3,Blue Manakin
181447.mp3,Blue Manakin
177785.mp3,Blue Manakin
177784.mp3,Blue Manakin
176629.mp3,Blue Manakin
175081.mp3,Blue Manakin
174794.mp3,Blue Manakin
174531.mp3,Blue Manakin
173335.mp3,Blue Manakin
173049.mp3,Blue Manakin
166262.mp3,Blue Manakin
166261.mp3,Blue Manakin
163809.mp3,Blue Manakin
157384.mp3,Blue Manakin
156609.mp3,Blue Manakin
155535.mp3,Blue Manakin
146674.mp3,Blue Manakin
146353.mp3,Blue Manakin
144753.mp3,Blue Manakin
144624.mp3,Blue Manakin
134195.mp3,Blue Manakin
131330.mp3,Blue Manakin
131104.mp3,Blue Manakin
131103.mp3,Blue Manakin
121861.mp3,Blue Manakin
121190.mp3,Blue Manakin
118327.mp3,Blue Manakin
114649.mp3,Blue Manakin
113195.mp3,Blue Manakin
109614.mp3,Blue Manakin
91628.mp3,Blue Manakin
82181.mp3,Blue Manakin
82180.mp3,Blue Manakin
82179.mp3,Blue Manakin
82178.mp3,Blue Manakin
70776.mp3,Blue Manakin
69878.mp3,Blue Manakin
67936.mp3,Blue Manakin
61593.mp3,Blue Manakin
58187.mp3,Blue Manakin
58185.mp3,Blue Manakin
57716.mp3,Blue Manakin
46170.mp3,Blue Manakin
45947.mp3,Blue Manakin
42055.mp3,Blue Manakin
41442.mp3,Blue Manakin
41441.mp3,Blue Manakin
40893.mp3,Blue Manakin
34416.mp3,Blue Manakin
33234.mp3,Blue Manakin
24118.mp3,Blue Manakin
16944.mp3,Blue Manakin
16790.mp3,Blue Manakin
4850.mp3,Blue Manakin
4849.mp3,Blue Manakin
4403.mp3,Blue Manakin
1346.mp3,Blue Manakin
539758.wav,Blue Manakin
537186.mp3,Blue Manakin
469333.mp3,Blue Manakin
469332.mp3,Blue Manakin
469331.mp3,Blue Manakin
469329.mp3,Blue Manakin
340979.mp3,Blue Manakin
199686.mp3,Blue Manakin
190835.mp3,Blue Manakin
173735.mp3,Blue Manakin
155533.mp3,Blue Manakin
123961.mp3,Blue Manakin
118632.mp3,Blue Manakin
108780.mp3,Blue Manakin
76447.mp3,Blue Manakin
61594.mp3,Blue Manakin
58191.mp3,Blue Manakin
58189.mp3,Blue Manakin
58188.mp3,Blue Manakin
58186.mp3,Blue Manakin
42825.mp3,Blue Manakin
33498.mp3,Blue Manakin
20950.mp3,Blue Manakin
10233.mp3,Blue Manakin
502.mp3,Blue Manakin
469334.mp3,Blue Manakin
58190.mp3,Blue Manakin
24427.mp3,Blue Manakin
12062.mp3,Blue Manakin
11749.mp3,Blue Manakin
10340.mp3,Blue Manakin
572550.mp3,Rufous-browed Peppershrike
531212.mp3,Rufous-browed Peppershrike
521599.mp3,Rufous-browed Peppershrike
679419.mp3,Rufous-browed Peppershrike
677767.mp3,Rufous-browed Peppershrike
666466.mp3,Rufous-browed Peppershrike
659355.mp3,Rufous-browed Peppershrike
646538.mp3,Rufous-browed Peppershrike
636617.mp3,Rufous-browed Peppershrike
616848.mp3,Rufous-browed Peppershrike
616847.mp3,Rufous-browed Peppershrike
599430.mp3,Rufous-browed Peppershrike
584550.mp3,Rufous-browed Peppershrike
575916.mp3,Rufous-browed Peppershrike
575147.mp3,Rufous-browed Peppershrike
556269.mp3,Rufous-browed Peppershrike
556268.mp3,Rufous-browed Peppershrike
556267.mp3,Rufous-browed Peppershrike
556266.mp3,Rufous-browed Peppershrike
556265.mp3,Rufous-browed Peppershrike
554959.mp3,Rufous-browed Peppershrike
547257.mp3,Rufous-browed Peppershrike
502088.mp3,Rufous-browed Peppershrike
491923.mp3,Rufous-browed Peppershrike
469143.mp3,Rufous-browed Peppershrike
454930.mp3,Rufous-browed Peppershrike
445245.mp3,Rufous-browed Peppershrike
443477.mp3,Rufous-browed Peppershrike
430773.mp3,Rufous-browed Peppershrike
427292.mp3,Rufous-browed Peppershrike
427290.mp3,Rufous-browed Peppershrike
427289.mp3,Rufous-browed Peppershrike
421825.mp3,Rufous-browed Peppershrike
419219.mp3,Rufous-browed Peppershrike
417440.mp3,Rufous-browed Peppershrike
396180.mp3,Rufous-browed Peppershrike
395339.mp3,Rufous-browed Peppershrike
377221.mp3,Rufous-browed Peppershrike
352263.mp3,Rufous-browed Peppershrike
341870.mp3,Rufous-browed Peppershrike
341482.mp3,Rufous-browed Peppershrike
336123.mp3,Rufous-browed Peppershrike
335237.mp3,Rufous-browed Peppershrike
316490.mp3,Rufous-browed Peppershrike
309735.mp3,Rufous-browed Peppershrike
305222.mp3,Rufous-browed Peppershrike
288907.mp3,Rufous-browed Peppershrike
288833.mp3,Rufous-browed Peppershrike
249239.mp3,Rufous-browed Peppershrike
243471.mp3,Rufous-browed Peppershrike
222138.mp3,Rufous-browed Peppershrike
222137.mp3,Rufous-browed Peppershrike
222136.mp3,Rufous-browed Peppershrike
222133.mp3,Rufous-browed Peppershrike
222132.mp3,Rufous-browed Peppershrike
222128.mp3,Rufous-browed Peppershrike
222125.mp3,Rufous-browed Peppershrike
211112.mp3,Rufous-browed Peppershrike
211111.mp3,Rufous-browed Peppershrike
211110.mp3,Rufous-browed Peppershrike
211108.mp3,Rufous-browed Peppershrike
209360.mp3,Rufous-browed Peppershrike
188530.mp3,Rufous-browed Peppershrike
188004.mp3,Rufous-browed Peppershrike
154005.mp3,Rufous-browed Peppershrike
138548.mp3,Rufous-browed Peppershrike
121917.mp3,Rufous-browed Peppershrike
116392.mp3,Rufous-browed Peppershrike
108795.mp3,Rufous-browed Peppershrike
103789.mp3,Rufous-browed Peppershrike
83034.mp3,Rufous-browed Peppershrike
42408.mp3,Rufous-browed Peppershrike
42163.mp3,Rufous-browed Peppershrike
37340.mp3,Rufous-browed Peppershrike
32676.mp3,Rufous-browed Peppershrike
14682.mp3,Rufous-browed Peppershrike
668621.mp3,Rufous-browed Peppershrike
663412.mp3,Rufous-browed Peppershrike
618511.mp3,Rufous-browed Peppershrike
608428.mp3,Rufous-browed Peppershrike
602833.mp3,Rufous-browed Peppershrike
566556.mp3,Rufous-browed Peppershrike
556264.mp3,Rufous-browed Peppershrike
555865.mp3,Rufous-browed Peppershrike
554962.mp3,Rufous-browed Peppershrike
535973.mp3,Rufous-browed Peppershrike
491665.mp3,Rufous-browed Peppershrike
474820.mp3,Rufous-browed Peppershrike
472033.mp3,Rufous-browed Peppershrike
442183.mp3,Rufous-browed Peppershrike
433929.mp3,Rufous-browed Peppershrike
427291.mp3,Rufous-browed Peppershrike
427288.mp3,Rufous-browed Peppershrike
421824.mp3,Rufous-browed Peppershrike
421188.mp3,Rufous-browed Peppershrike
419491.mp3,Rufous-browed Peppershrike
400659.mp3,Rufous-browed Peppershrike
393555.mp3,Rufous-browed Peppershrike
385419.mp3,Rufous-browed Peppershrike
379282.mp3,Rufous-browed Peppershrike
342725.mp3,Rufous-browed Peppershrike
342594.mp3,Rufous-browed Peppershrike
342559.mp3,Rufous-browed Peppershrike
304388.mp3,Rufous-browed Peppershrike
299270.mp3,Rufous-browed Peppershrike
295717.mp3,Rufous-browed Peppershrike
288816.mp3,Rufous-browed Peppershrike
241111.mp3,Rufous-browed Peppershrike
222149.mp3,Rufous-browed Peppershrike
222148.mp3,Rufous-browed Peppershrike
212712.mp3,Rufous-browed Peppershrike
211109.mp3,Rufous-browed Peppershrike
210699.mp3,Rufous-browed Peppershrike
209363.mp3,Rufous-browed Peppershrike
189833.mp3,Rufous-browed Peppershrike
189832.mp3,Rufous-browed Peppershrike
187804.mp3,Rufous-browed Peppershrike
186230.mp3,Rufous-browed Peppershrike
186211.mp3,Rufous-browed Peppershrike
186210.mp3,Rufous-browed Peppershrike
186209.mp3,Rufous-browed Peppershrike
186208.mp3,Rufous-browed Peppershrike
186207.mp3,Rufous-browed Peppershrike
182615.mp3,Rufous-browed Peppershrike
178600.mp3,Rufous-browed Peppershrike
177793.mp3,Rufous-browed Peppershrike
174810.mp3,Rufous-browed Peppershrike
173978.mp3,Rufous-browed Peppershrike
172803.mp3,Rufous-browed Peppershrike
171166.mp3,Rufous-browed Peppershrike
171162.mp3,Rufous-browed Peppershrike
169862.mp3,Rufous-browed Peppershrike
166264.mp3,Rufous-browed Peppershrike
166263.mp3,Rufous-browed Peppershrike
165886.mp3,Rufous-browed Peppershrike
164118.mp3,Rufous-browed Peppershrike
162453.mp3,Rufous-browed Peppershrike
157396.mp3,Rufous-browed Peppershrike
150915.mp3,Rufous-browed Peppershrike
149228.mp3,Rufous-browed Peppershrike
148709.mp3,Rufous-browed Peppershrike
145020.mp3,Rufous-browed Peppershrike
144161.mp3,Rufous-browed Peppershrike
142665.mp3,Rufous-browed Peppershrike
128623.mp3,Rufous-browed Peppershrike
127682.mp3,Rufous-browed Peppershrike
127680.mp3,Rufous-browed Peppershrike
123197.mp3,Rufous-browed Peppershrike
119801.mp3,Rufous-browed Peppershrike
119061.mp3,Rufous-browed Peppershrike
115611.mp3,Rufous-browed Peppershrike
115607.mp3,Rufous-browed Peppershrike
109527.mp3,Rufous-browed Peppershrike
106022.mp3,Rufous-browed Peppershrike
105886.mp3,Rufous-browed Peppershrike
105885.mp3,Rufous-browed Peppershrike
98831.mp3,Rufous-browed Peppershrike
98830.mp3,Rufous-browed Peppershrike
91485.mp3,Rufous-browed Peppershrike
87479.mp3,Rufous-browed Peppershrike
83087.mp3,Rufous-browed Peppershrike
83086.mp3,Rufous-browed Peppershrike
82217.mp3,Rufous-browed Peppershrike
82216.mp3,Rufous-browed Peppershrike
82215.mp3,Rufous-browed Peppershrike
82214.mp3,Rufous-browed Peppershrike
82213.mp3,Rufous-browed Peppershrike
82212.mp3,Rufous-browed Peppershrike
82211.mp3,Rufous-browed Peppershrike
82210.mp3,Rufous-browed Peppershrike
82209.mp3,Rufous-browed Peppershrike
82208.mp3,Rufous-browed Peppershrike
77983.mp3,Rufous-browed Peppershrike
72948.mp3,Rufous-browed Peppershrike
69965.mp3,Rufous-browed Peppershrike
69962.mp3,Rufous-browed Peppershrike
46157.mp3,Rufous-browed Peppershrike
46156.mp3,Rufous-browed Peppershrike
44245.mp3,Rufous-browed Peppershrike
38923.mp3,Rufous-browed Peppershrike
28261.mp3,Rufous-browed Peppershrike
24499.mp3,Rufous-browed Peppershrike
22327.mp3,Rufous-browed Peppershrike
20609.mp3,Rufous-browed Peppershrike
16249.mp3,Rufous-browed Peppershrike
7855.mp3,Rufous-browed Peppershrike
4646.mp3,Rufous-browed Peppershrike
1412.mp3,Rufous-browed Peppershrike
627988.mp3,Rufous-browed Peppershrike
581262.mp3,Rufous-browed Peppershrike
511875.mp3,Rufous-browed Peppershrike
509677.mp3,Rufous-browed Peppershrike
419225.mp3,Rufous-browed Peppershrike
419221.mp3,Rufous-browed Peppershrike
411840.mp3,Rufous-browed Peppershrike
389460.mp3,Rufous-browed Peppershrike
366774.mp3,Rufous-browed Peppershrike
355799.mp3,Rufous-browed Peppershrike
343962.mp3,Rufous-browed Peppershrike
329106.mp3,Rufous-browed Peppershrike
306611.mp3,Rufous-browed Peppershrike
303099.mp3,Rufous-browed Peppershrike
284685.mp3,Rufous-browed Peppershrike
222152.mp3,Rufous-browed Peppershrike
222150.mp3,Rufous-browed Peppershrike
207603.mp3,Rufous-browed Peppershrike
196397.mp3,Rufous-browed Peppershrike
190124.mp3,Rufous-browed Peppershrike
187092.mp3,Rufous-browed Peppershrike
175747.mp3,Rufous-browed Peppershrike
170343.mp3,Rufous-browed Peppershrike
163629.mp3,Rufous-browed Peppershrike
162454.mp3,Rufous-browed Peppershrike
153596.mp3,Rufous-browed Peppershrike
147686.mp3,Rufous-browed Peppershrike
146974.mp3,Rufous-browed Peppershrike
145697.mp3,Rufous-browed Peppershrike
136192.mp3,Rufous-browed Peppershrike
121219.mp3,Rufous-browed Peppershrike
109175.mp3,Rufous-browed Peppershrike
104111.mp3,Rufous-browed Peppershrike
98832.mp3,Rufous-browed Peppershrike
97232.mp3,Rufous-browed Peppershrike
85911.mp3,Rufous-browed Peppershrike
76045.mp3,Rufous-browed Peppershrike
69964.mp3,Rufous-browed Peppershrike
62267.mp3,Rufous-browed Peppershrike
62266.mp3,Rufous-browed Peppershrike
58387.mp3,Rufous-browed Peppershrike
40915.mp3,Rufous-browed Peppershrike
33636.mp3,Rufous-browed Peppershrike
33569.mp3,Rufous-browed Peppershrike
28686.mp3,Rufous-browed Peppershrike
27157.mp3,Rufous-browed Peppershrike
17113.mp3,Rufous-browed Peppershrike
10113.mp3,Rufous-browed Peppershrike
9261.mp3,Rufous-browed Peppershrike
7023.mp3,Rufous-browed Peppershrike
6526.mp3,Rufous-browed Peppershrike
1506.mp3,Rufous-browed Peppershrike
99853.mp3,Rufous-browed Peppershrike
58389.mp3,Rufous-browed Peppershrike
28453.mp3,Rufous-browed Peppershrike
11730.mp3,Rufous-browed Peppershrike
10249.mp3,Rufous-browed Peppershrike
531379.mp3,Long-billed Wren
482386.mp3,Long-billed Wren
482385.mp3,Long-billed Wren
482384.mp3,Long-billed Wren
482383.mp3,Long-billed Wren
459253.mp3,Long-billed Wren
429194.mp3,Long-billed Wren
361660.mp3,Long-billed Wren
358023.mp3,Long-billed Wren
343070.mp3,Long-billed Wren
326200.mp3,Long-billed Wren
326199.mp3,Long-billed Wren
294543.mp3,Long-billed Wren
279706.mp3,Long-billed Wren
269294.mp3,Long-billed Wren
201994.mp3,Long-billed Wren
201993.mp3,Long-billed Wren
677762.mp3,Long-billed Wren
659145.mp3,Long-billed Wren
654249.mp3,Long-billed Wren
651777.mp3,Long-billed Wren
601704.mp3,Long-billed Wren
576076.mp3,Long-billed Wren
575456.mp3,Long-billed Wren
558798.mp3,Long-billed Wren
556187.mp3,Long-billed Wren
556186.mp3,Long-billed Wren
556185.mp3,Long-billed Wren
537434.mp3,Long-billed Wren
511011.mp3,Long-billed Wren
511010.mp3,Long-billed Wren
441783.mp3,Long-billed Wren
427158.mp3,Long-billed Wren
427156.mp3,Long-billed Wren
427155.mp3,Long-billed Wren
425009.mp3,Long-billed Wren
414795.mp3,Long-billed Wren
414794.mp3,Long-billed Wren
414793.mp3,Long-billed Wren
410716.mp3,Long-billed Wren
388546.mp3,Long-billed Wren
356673.mp3,Long-billed Wren
352282.mp3,Long-billed Wren
347929.mp3,Long-billed Wren
347495.mp3,Long-billed Wren
335448.mp3,Long-billed Wren
335004.mp3,Long-billed Wren
332126.mp3,Long-billed Wren
331788.mp3,Long-billed Wren
331352.mp3,Long-billed Wren
303565.mp3,Long-billed Wren
303219.mp3,Long-billed Wren
289096.mp3,Long-billed Wren
284998.mp3,Long-billed Wren
283763.mp3,Long-billed Wren
274859.mp3,Long-billed Wren
247451.mp3,Long-billed Wren
242465.mp3,Long-billed Wren
231083.mp3,Long-billed Wren
231082.mp3,Long-billed Wren
231081.mp3,Long-billed Wren
231080.mp3,Long-billed Wren
231079.mp3,Long-billed Wren
231077.mp3,Long-billed Wren
211603.mp3,Long-billed Wren
211602.mp3,Long-billed Wren
211601.mp3,Long-billed Wren
211600.mp3,Long-billed Wren
211599.mp3,Long-billed Wren
211598.mp3,Long-billed Wren
211597.mp3,Long-billed Wren
207277.mp3,Long-billed Wren
206665.mp3,Long-billed Wren
131402.mp3,Long-billed Wren
131344.mp3,Long-billed Wren
131329.mp3,Long-billed Wren
113221.mp3,Long-billed Wren
113219.mp3,Long-billed Wren
106801.mp3,Long-billed Wren
105877.mp3,Long-billed Wren
105874.mp3,Long-billed Wren
97664.mp3,Long-billed Wren
96614.mp3,Long-billed Wren
96613.mp3,Long-billed Wren
96612.mp3,Long-billed Wren
96611.mp3,Long-billed Wren
96610.mp3,Long-billed Wren
96609.mp3,Long-billed Wren
96530.mp3,Long-billed Wren
96523.mp3,Long-billed Wren
96522.mp3,Long-billed Wren
96521.mp3,Long-billed Wren
96520.mp3,Long-billed Wren
96519.mp3,Long-billed Wren
96515.mp3,Long-billed Wren
96509.mp3,Long-billed Wren
96507.mp3,Long-billed Wren
96506.mp3,Long-billed Wren
82433.mp3,Long-billed Wren
82431.mp3,Long-billed Wren
82430.mp3,Long-billed Wren
42070.mp3,Long-billed Wren
28281.mp3,Long-billed Wren
28280.mp3,Long-billed Wren
26727.mp3,Long-billed Wren
24410.mp3,Long-billed Wren
17001.mp3,Long-billed Wren
16830.mp3,Long-billed Wren
5992.mp3,Long-billed Wren
1337.mp3,Long-billed Wren
1336.mp3,Long-billed Wren
659464.mp3,Long-billed Wren
611373.mp3,Long-billed Wren
586972.mp3,Long-billed Wren
569134.mp3,Long-billed Wren
562130.mp3,Long-billed Wren
429382.mp3,Long-billed Wren
429380.mp3,Long-billed Wren
427157.mp3,Long-billed Wren
396179.mp3,Long-billed Wren
388951.mp3,Long-billed Wren
293200.mp3,Long-billed Wren
269091.mp3,Long-billed Wren
240286.mp3,Long-billed Wren
231096.mp3,Long-billed Wren
231095.mp3,Long-billed Wren
231094.mp3,Long-billed Wren
231093.mp3,Long-billed Wren
231092.mp3,Long-billed Wren
231091.mp3,Long-billed Wren
231090.mp3,Long-billed Wren
231089.mp3,Long-billed Wren
231088.mp3,Long-billed Wren
231087.mp3,Long-billed Wren
231086.mp3,Long-billed Wren
231085.mp3,Long-billed Wren
231084.mp3,Long-billed Wren
213412.mp3,Long-billed Wren
205591.mp3,Long-billed Wren
196380.mp3,Long-billed Wren
196353.mp3,Long-billed Wren
193641.mp3,Long-billed Wren
172852.mp3,Long-billed Wren
145570.mp3,Long-billed Wren
130861.mp3,Long-billed Wren
118294.mp3,Long-billed Wren
113220.mp3,Long-billed Wren
109526.mp3,Long-billed Wren
108953.mp3,Long-billed Wren
105876.mp3,Long-billed Wren
105875.mp3,Long-billed Wren
98622.mp3,Long-billed Wren
98621.mp3,Long-billed Wren
98620.mp3,Long-billed Wren
98619.mp3,Long-billed Wren
98618.mp3,Long-billed Wren
98617.mp3,Long-billed Wren
98616.mp3,Long-billed Wren
96528.mp3,Long-billed Wren
96525.mp3,Long-billed Wren
96518.mp3,Long-billed Wren
96511.mp3,Long-billed Wren
96505.mp3,Long-billed Wren
82432.mp3,Long-billed Wren
82429.mp3,Long-billed Wren
42071.mp3,Long-billed Wren
41066.mp3,Long-billed Wren
20946.mp3,Long-billed Wren
17482.mp3,Long-billed Wren
15837.mp3,Long-billed Wren
13992.mp3,Long-billed Wren
11883.mp3,Long-billed Wren
11737.mp3,Long-billed Wren
10239.mp3,Long-billed Wren
7455.mp3,Long-billed Wren
7164.mp3,Long-billed Wren
5551.mp3,Long-billed Wren
1338.mp3,Long-billed Wren
487.mp3,Long-billed Wren
562125.mp3,Long-billed Wren
174447.mp3,Long-billed Wren
173046.mp3,Long-billed Wren
119012.mp3,Long-billed Wren
82428.mp3,Long-billed Wren
55555.mp3,Long-billed Wren
39268.mp3,Long-billed Wren
10238.mp3,Long-billed Wren
6602.mp3,Long-billed Wren
6495.mp3,Long-billed Wren
583277.mp3,Long-billed Wren
562131.mp3,Long-billed Wren
559440.mp3,Long-billed Wren
18829.mp3,Long-billed Wren
6347.mp3,Long-billed Wren
575517.mp3,Rufous-bellied Thrush
422746.mp3,Rufous-bellied Thrush
422277.mp3,Rufous-bellied Thrush
421912.mp3,Rufous-bellied Thrush
678142.mp3,Rufous-bellied Thrush
678000.mp3,Rufous-bellied Thrush
676516.mp3,Rufous-bellied Thrush
673980.mp3,Rufous-bellied Thrush
671191.mp3,Rufous-bellied Thrush
670414.mp3,Rufous-bellied Thrush
605339.mp3,Rufous-bellied Thrush
599526.mp3,Rufous-bellied Thrush
593788.mp3,Rufous-bellied Thrush
588107.mp3,Rufous-bellied Thrush
587988.mp3,Rufous-bellied Thrush
586915.mp3,Rufous-bellied Thrush
586910.mp3,Rufous-bellied Thrush
586829.mp3,Rufous-bellied Thrush
558868.mp3,Rufous-bellied Thrush
556651.mp3,Rufous-bellied Thrush
541136.mp3,Rufous-bellied Thrush
521879.mp3,Rufous-bellied Thrush
506427.mp3,Rufous-bellied Thrush
504245.mp3,Rufous-bellied Thrush
457477.mp3,Rufous-bellied Thrush
422231.mp3,Rufous-bellied Thrush
421665.mp3,Rufous-bellied Thrush
421664.mp3,Rufous-bellied Thrush
420415.mp3,Rufous-bellied Thrush
419342.mp3,Rufous-bellied Thrush
418792.mp3,Rufous-bellied Thrush
400267.mp3,Rufous-bellied Thrush
387821.mp3,Rufous-bellied Thrush
351837.mp3,Rufous-bellied Thrush
351258.mp3,Rufous-bellied Thrush
351066.mp3,Rufous-bellied Thrush
349028.mp3,Rufous-bellied Thrush
348124.mp3,Rufous-bellied Thrush
344861.mp3,Rufous-bellied Thrush
343083.mp3,Rufous-bellied Thrush
335451.mp3,Rufous-bellied Thrush
329402.mp3,Rufous-bellied Thrush
313981.mp3,Rufous-bellied Thrush
297411.mp3,Rufous-bellied Thrush
293505.mp3,Rufous-bellied Thrush
293503.mp3,Rufous-bellied Thrush
293499.mp3,Rufous-bellied Thrush
293495.mp3,Rufous-bellied Thrush
293372.mp3,Rufous-bellied Thrush
293370.mp3,Rufous-bellied Thrush
293366.mp3,Rufous-bellied Thrush
293361.mp3,Rufous-bellied Thrush
293359.mp3,Rufous-bellied Thrush
293356.mp3,Rufous-bellied Thrush
293345.mp3,Rufous-bellied Thrush
292644.mp3,Rufous-bellied Thrush
289121.mp3,Rufous-bellied Thrush
289111.mp3,Rufous-bellied Thrush
289104.mp3,Rufous-bellied Thrush
289102.mp3,Rufous-bellied Thrush
289061.mp3,Rufous-bellied Thrush
289056.mp3,Rufous-bellied Thrush
289055.mp3,Rufous-bellied Thrush
288151.mp3,Rufous-bellied Thrush
286715.mp3,Rufous-bellied Thrush
286580.mp3,Rufous-bellied Thrush
286413.mp3,Rufous-bellied Thrush
284269.mp3,Rufous-bellied Thrush
251882.mp3,Rufous-bellied Thrush
243706.mp3,Rufous-bellied Thrush
236543.mp3,Rufous-bellied Thrush
235495.mp3,Rufous-bellied Thrush
231897.mp3,Rufous-bellied Thrush
218666.mp3,Rufous-bellied Thrush
214654.mp3,Rufous-bellied Thrush
212137.mp3,Rufous-bellied Thrush
212136.mp3,Rufous-bellied Thrush
193554.mp3,Rufous-bellied Thrush
176297.mp3,Rufous-bellied Thrush
153601.mp3,Rufous-bellied Thrush
150283.mp3,Rufous-bellied Thrush
147328.mp3,Rufous-bellied Thrush
106803.mp3,Rufous-bellied Thrush
91630.mp3,Rufous-bellied Thrush
91094.mp3,Rufous-bellied Thrush
82480.mp3,Rufous-bellied Thrush
82477.mp3,Rufous-bellied Thrush
82475.mp3,Rufous-bellied Thrush
82474.mp3,Rufous-bellied Thrush
7778.mp3,Rufous-bellied Thrush
678305.mp3,Rufous-bellied Thrush
611393.mp3,Rufous-bellied Thrush
599903.mp3,Rufous-bellied Thrush
587128.mp3,Rufous-bellied Thrush
586417.mp3,Rufous-bellied Thrush
586373.mp3,Rufous-bellied Thrush
585447.mp3,Rufous-bellied Thrush
578124.mp3,Rufous-bellied Thrush
556654.mp3,Rufous-bellied Thrush
524952.mp3,Rufous-bellied Thrush
520336.mp3,Rufous-bellied Thrush
520330.mp3,Rufous-bellied Thrush
491660.mp3,Rufous-bellied Thrush
440683.mp3,Rufous-bellied Thrush
422916.mp3,Rufous-bellied Thrush
420414.mp3,Rufous-bellied Thrush
394261.mp3,Rufous-bellied Thrush
393257.mp3,Rufous-bellied Thrush
391950.mp3,Rufous-bellied Thrush
389545.mp3,Rufous-bellied Thrush
388397.mp3,Rufous-bellied Thrush
388116.mp3,Rufous-bellied Thrush
337457.mp3,Rufous-bellied Thrush
332195.mp3,Rufous-bellied Thrush
316255.mp3,Rufous-bellied Thrush
293511.mp3,Rufous-bellied Thrush
293510.mp3,Rufous-bellied Thrush
293509.mp3,Rufous-bellied Thrush
293508.mp3,Rufous-bellied Thrush
293502.mp3,Rufous-bellied Thrush
293368.mp3,Rufous-bellied Thrush
293363.mp3,Rufous-bellied Thrush
293360.mp3,Rufous-bellied Thrush
293358.mp3,Rufous-bellied Thrush
293354.mp3,Rufous-bellied Thrush
293353.mp3,Rufous-bellied Thrush
293352.mp3,Rufous-bellied Thrush
292648.mp3,Rufous-bellied Thrush
292645.mp3,Rufous-bellied Thrush
289123.mp3,Rufous-bellied Thrush
289119.mp3,Rufous-bellied Thrush
289115.mp3,Rufous-bellied Thrush
289107.mp3,Rufous-bellied Thrush
289066.mp3,Rufous-bellied Thrush
289063.mp3,Rufous-bellied Thrush
289060.mp3,Rufous-bellied Thrush
289058.mp3,Rufous-bellied Thrush
287548.mp3,Rufous-bellied Thrush
286714.mp3,Rufous-bellied Thrush
284283.mp3,Rufous-bellied Thrush
284280.mp3,Rufous-bellied Thrush
284277.mp3,Rufous-bellied Thrush
231899.mp3,Rufous-bellied Thrush
228697.mp3,Rufous-bellied Thrush
212463.mp3,Rufous-bellied Thrush
212462.mp3,Rufous-bellied Thrush
212139.mp3,Rufous-bellied Thrush
212138.mp3,Rufous-bellied Thrush
210713.mp3,Rufous-bellied Thrush
203427.mp3,Rufous-bellied Thrush
200174.mp3,Rufous-bellied Thrush
199687.mp3,Rufous-bellied Thrush
188005.mp3,Rufous-bellied Thrush
174817.mp3,Rufous-bellied Thrush
173961.mp3,Rufous-bellied Thrush
170813.mp3,Rufous-bellied Thrush
169882.mp3,Rufous-bellied Thrush
169856.mp3,Rufous-bellied Thrush
164996.mp3,Rufous-bellied Thrush
162280.mp3,Rufous-bellied Thrush
156913.mp3,Rufous-bellied Thrush
153611.mp3,Rufous-bellied Thrush
152726.mp3,Rufous-bellied Thrush
150914.mp3,Rufous-bellied Thrush
150154.mp3,Rufous-bellied Thrush
148701.mp3,Rufous-bellied Thrush
144606.mp3,Rufous-bellied Thrush
131424.mp3,Rufous-bellied Thrush
118703.mp3,Rufous-bellied Thrush
115202.mp3,Rufous-bellied Thrush
88870.mp3,Rufous-bellied Thrush
84303.mp3,Rufous-bellied Thrush
82495.mp3,Rufous-bellied Thrush
82484.mp3,Rufous-bellied Thrush
82483.mp3,Rufous-bellied Thrush
82482.mp3,Rufous-bellied Thrush
82481.mp3,Rufous-bellied Thrush
82479.mp3,Rufous-bellied Thrush
82476.mp3,Rufous-bellied Thrush
82472.mp3,Rufous-bellied Thrush
72950.mp3,Rufous-bellied Thrush
70180.mp3,Rufous-bellied Thrush
69710.mp3,Rufous-bellied Thrush
62784.mp3,Rufous-bellied Thrush
39605.mp3,Rufous-bellied Thrush
39390.mp3,Rufous-bellied Thrush
8768.mp3,Rufous-bellied Thrush
7974.mp3,Rufous-bellied Thrush
7581.mp3,Rufous-bellied Thrush
7418.mp3,Rufous-bellied Thrush
4644.mp3,Rufous-bellied Thrush
1472.mp3,Rufous-bellied Thrush
614076.mp3,Rufous-bellied Thrush
566557.mp3,Rufous-bellied Thrush
513653.mp3,Rufous-bellied Thrush
513650.mp3,Rufous-bellied Thrush
472331.mp3,Rufous-bellied Thrush
441279.mp3,Rufous-bellied Thrush
422745.mp3,Rufous-bellied Thrush
405467.mp3,Rufous-bellied Thrush
390666.mp3,Rufous-bellied Thrush
344746.mp3,Rufous-bellied Thrush
342094.mp3,Rufous-bellied Thrush
325856.mp3,Rufous-bellied Thrush
293512.mp3,Rufous-bellied Thrush
293507.mp3,Rufous-bellied Thrush
293506.mp3,Rufous-bellied Thrush
293504.mp3,Rufous-bellied Thrush
293501.mp3,Rufous-bellied Thrush
293498.mp3,Rufous-bellied Thrush
293497.mp3,Rufous-bellied Thrush
293371.mp3,Rufous-bellied Thrush
293369.mp3,Rufous-bellied Thrush
293367.mp3,Rufous-bellied Thrush
293365.mp3,Rufous-bellied Thrush
293364.mp3,Rufous-bellied Thrush
293351.mp3,Rufous-bellied Thrush
293348.mp3,Rufous-bellied Thrush
293343.mp3,Rufous-bellied Thrush
292643.mp3,Rufous-bellied Thrush
292642.mp3,Rufous-bellied Thrush
292641.mp3,Rufous-bellied Thrush
292638.mp3,Rufous-bellied Thrush
292637.mp3,Rufous-bellied Thrush
292636.mp3,Rufous-bellied Thrush
292635.mp3,Rufous-bellied Thrush
289122.mp3,Rufous-bellied Thrush
289120.mp3,Rufous-bellied Thrush
289118.mp3,Rufous-bellied Thrush
289117.mp3,Rufous-bellied Thrush
289116.mp3,Rufous-bellied Thrush
289110.mp3,Rufous-bellied Thrush
289065.mp3,Rufous-bellied Thrush
289064.mp3,Rufous-bellied Thrush
289062.mp3,Rufous-bellied Thrush
289057.mp3,Rufous-bellied Thrush
231901.mp3,Rufous-bellied Thrush
231900.mp3,Rufous-bellied Thrush
212464.mp3,Rufous-bellied Thrush
212458.mp3,Rufous-bellied Thrush
205738.mp3,Rufous-bellied Thrush
200397.mp3,Rufous-bellied Thrush
169868.mp3,Rufous-bellied Thrush
153764.mp3,Rufous-bellied Thrush
152370.mp3,Rufous-bellied Thrush
149231.mp3,Rufous-bellied Thrush
148710.mp3,Rufous-bellied Thrush
147011.mp3,Rufous-bellied Thrush
144607.mp3,Rufous-bellied Thrush
144605.mp3,Rufous-bellied Thrush
144561.mp3,Rufous-bellied Thrush
130467.mp3,Rufous-bellied Thrush
87294.mp3,Rufous-bellied Thrush
87293.mp3,Rufous-bellied Thrush
82478.mp3,Rufous-bellied Thrush
82473.mp3,Rufous-bellied Thrush
72949.mp3,Rufous-bellied Thrush
70847.mp3,Rufous-bellied Thrush
59818.mp3,Rufous-bellied Thrush
8773.mp3,Rufous-bellied Thrush
8769.mp3,Rufous-bellied Thrush
440383.mp3,Rufous-bellied Thrush
358018.mp3,Rufous-bellied Thrush
325857.mp3,Rufous-bellied Thrush
293362.mp3,Rufous-bellied Thrush
292639.mp3,Rufous-bellied Thrush
289124.mp3,Rufous-bellied Thrush
289112.mp3,Rufous-bellied Thrush
286716.mp3,Rufous-bellied Thrush
147038.mp3,Rufous-bellied Thrush
130468.mp3,Rufous-bellied Thrush
8775.mp3,Rufous-bellied Thrush
8774.mp3,Rufous-bellied Thrush
8772.mp3,Rufous-bellied Thrush
8771.mp3,Rufous-bellied Thrush
8770.mp3,Rufous-bellied Thrush
8131.mp3,Rufous-bellied Thrush
7599.mp3,Rufous-bellied Thrush
293500.mp3,Rufous-bellied Thrush
293496.mp3,Rufous-bellied Thrush
293494.mp3,Rufous-bellied Thrush
293347.mp3,Rufous-bellied Thrush
289114.mp3,Rufous-bellied Thrush
289059.mp3,Rufous-bellied Thrush
109528.mp3,Rufous-bellied Thrush
109495.mp3,Rufous-bellied Thrush
108948.mp3,Rufous-bellied Thrush
58364.mp3,Rufous-bellied Thrush
38626.mp3,Rufous-bellied Thrush
23946.mp3,Rufous-bellied Thrush
12926.mp3,Rufous-bellied Thrush
8776.mp3,Rufous-bellied Thrush
552137.mp3,Pale-breasted Thrush
521302.mp3,Pale-breasted Thrush
430045.mp3,Pale-breasted Thrush
673885.mp3,Pale-breasted Thrush
670415.mp3,Pale-breasted Thrush
668947.mp3,Pale-breasted Thrush
668946.mp3,Pale-breasted Thrush
668856.mp3,Pale-breasted Thrush
660547.mp3,Pale-breasted Thrush
660091.mp3,Pale-breasted Thrush
653465.mp3,Pale-breasted Thrush
645762.mp3,Pale-breasted Thrush
645744.mp3,Pale-breasted Thrush
638825.mp3,Pale-breasted Thrush
604289.mp3,Pale-breasted Thrush
604287.mp3,Pale-breasted Thrush
588804.mp3,Pale-breasted Thrush
587946.mp3,Pale-breasted Thrush
573116.mp3,Pale-breasted Thrush
570351.mp3,Pale-breasted Thrush
507113.mp3,Pale-breasted Thrush
500063.mp3,Pale-breasted Thrush
443525.mp3,Pale-breasted Thrush
438745.mp3,Pale-breasted Thrush
433437.mp3,Pale-breasted Thrush
428446.mp3,Pale-breasted Thrush
428122.mp3,Pale-breasted Thrush
419327.mp3,Pale-breasted Thrush
419326.mp3,Pale-breasted Thrush
419325.mp3,Pale-breasted Thrush
405465.mp3,Pale-breasted Thrush
395124.mp3,Pale-breasted Thrush
393564.mp3,Pale-breasted Thrush
393210.mp3,Pale-breasted Thrush
387949.mp3,Pale-breasted Thrush
384757.mp3,Pale-breasted Thrush
375114.mp3,Pale-breasted Thrush
338121.mp3,Pale-breasted Thrush
336077.mp3,Pale-breasted Thrush
325727.mp3,Pale-breasted Thrush
323570.mp3,Pale-breasted Thrush
316088.mp3,Pale-breasted Thrush
315665.mp3,Pale-breasted Thrush
307392.mp3,Pale-breasted Thrush
299057.mp3,Pale-breasted Thrush
292418.mp3,Pale-breasted Thrush
292417.mp3,Pale-breasted Thrush
288631.mp3,Pale-breasted Thrush
288549.mp3,Pale-breasted Thrush
286412.mp3,Pale-breasted Thrush
263838.mp3,Pale-breasted Thrush
247512.mp3,Pale-breasted Thrush
247468.mp3,Pale-breasted Thrush
243468.mp3,Pale-breasted Thrush
243467.mp3,Pale-breasted Thrush
231781.mp3,Pale-breasted Thrush
215275.mp3,Pale-breasted Thrush
212060.mp3,Pale-breasted Thrush
212058.mp3,Pale-breasted Thrush
200100.mp3,Pale-breasted Thrush
195056.mp3,Pale-breasted Thrush
188006.mp3,Pale-breasted Thrush
175776.mp3,Pale-breasted Thrush
150908.mp3,Pale-breasted Thrush
150907.mp3,Pale-breasted Thrush
116388.mp3,Pale-breasted Thrush
115203.mp3,Pale-breasted Thrush
101469.mp3,Pale-breasted Thrush
85938.mp3,Pale-breasted Thrush
82468.mp3,Pale-breasted Thrush
82467.mp3,Pale-breasted Thrush
82465.mp3,Pale-breasted Thrush
82464.mp3,Pale-breasted Thrush
82460.mp3,Pale-breasted Thrush
70858.mp3,Pale-breasted Thrush
63017.mp3,Pale-breasted Thrush
33568.mp3,Pale-breasted Thrush
21983.mp3,Pale-breasted Thrush
11585.mp3,Pale-breasted Thrush
11553.mp3,Pale-breasted Thrush
650651.mp3,Pale-breasted Thrush
632547.mp3,Pale-breasted Thrush
606822.mp3,Pale-breasted Thrush
586416.mp3,Pale-breasted Thrush
586415.mp3,Pale-breasted Thrush
583786.mp3,Pale-breasted Thrush
578129.mp3,Pale-breasted Thrush
576039.mp3,Pale-breasted Thrush
546422.mp3,Pale-breasted Thrush
540118.mp3,Pale-breasted Thrush
524935.mp3,Pale-breasted Thrush
522707.mp3,Pale-breasted Thrush
496669.mp3,Pale-breasted Thrush
496549.mp3,Pale-breasted Thrush
496546.mp3,Pale-breasted Thrush
496545.mp3,Pale-breasted Thrush
491929.mp3,Pale-breasted Thrush
462753.mp3,Pale-breasted Thrush
443283.mp3,Pale-breasted Thrush
428124.mp3,Pale-breasted Thrush
428123.mp3,Pale-breasted Thrush
422959.mp3,Pale-breasted Thrush
405464.mp3,Pale-breasted Thrush
405461.mp3,Pale-breasted Thrush
396172.mp3,Pale-breasted Thrush
388467.mp3,Pale-breasted Thrush
325755.mp3,Pale-breasted Thrush
325754.mp3,Pale-breasted Thrush
299058.mp3,Pale-breasted Thrush
292419.mp3,Pale-breasted Thrush
288630.mp3,Pale-breasted Thrush
279712.mp3,Pale-breasted Thrush
279651.mp3,Pale-breasted Thrush
253136.mp3,Pale-breasted Thrush
247430.mp3,Pale-breasted Thrush
231853.mp3,Pale-breasted Thrush
231852.mp3,Pale-breasted Thrush
231783.mp3,Pale-breasted Thrush
212460.mp3,Pale-breasted Thrush
212459.mp3,Pale-breasted Thrush
212057.mp3,Pale-breasted Thrush
206956.mp3,Pale-breasted Thrush
185119.mp3,Pale-breasted Thrush
174459.mp3,Pale-breasted Thrush
155491.mp3,Pale-breasted Thrush
144739.mp3,Pale-breasted Thrush
131062.mp3,Pale-breasted Thrush
131049.mp3,Pale-breasted Thrush
130879.mp3,Pale-breasted Thrush
130873.mp3,Pale-breasted Thrush
126835.mp3,Pale-breasted Thrush
85937.mp3,Pale-breasted Thrush
82471.mp3,Pale-breasted Thrush
82466.mp3,Pale-breasted Thrush
82463.mp3,Pale-breasted Thrush
82461.mp3,Pale-breasted Thrush
82459.mp3,Pale-breasted Thrush
82087.mp3,Pale-breasted Thrush
58362.mp3,Pale-breasted Thrush
23859.mp3,Pale-breasted Thrush
21982.mp3,Pale-breasted Thrush
7716.mp3,Pale-breasted Thrush
7713.mp3,Pale-breasted Thrush
5435.mp3,Pale-breasted Thrush
550129.mp3,Pale-breasted Thrush
550128.mp3,Pale-breasted Thrush
550120.mp3,Pale-breasted Thrush
550117.mp3,Pale-breasted Thrush
550114.mp3,Pale-breasted Thrush
421663.mp3,Pale-breasted Thrush
421425.mp3,Pale-breasted Thrush
400338.mp3,Pale-breasted Thrush
344432.mp3,Pale-breasted Thrush
291658.mp3,Pale-breasted Thrush
279714.mp3,Pale-breasted Thrush
279711.mp3,Pale-breasted Thrush
263479.mp3,Pale-breasted Thrush
212461.mp3,Pale-breasted Thrush
196378.mp3,Pale-breasted Thrush
152658.mp3,Pale-breasted Thrush
149230.mp3,Pale-breasted Thrush
146388.mp3,Pale-breasted Thrush
145472.mp3,Pale-breasted Thrush
119227.mp3,Pale-breasted Thrush
104622.mp3,Pale-breasted Thrush
86668.mp3,Pale-breasted Thrush
85939.mp3,Pale-breasted Thrush
82470.mp3,Pale-breasted Thrush
46357.mp3,Pale-breasted Thrush
39079.mp3,Pale-breasted Thrush
26149.mp3,Pale-breasted Thrush
6516.mp3,Pale-breasted Thrush
378790.mp3,Pale-breasted Thrush
287442.mp3,Pale-breasted Thrush
172911.mp3,Pale-breasted Thrush
126837.mp3,Pale-breasted Thrush
58363.mp3,Pale-breasted Thrush
7777.mp3,Pale-breasted Thrush
7419.mp3,Pale-breasted Thrush
6843.mp3,Pale-breasted Thrush
424974.mp3,Golden-crowned Warbler
389018.mp3,Golden-crowned Warbler
325868.mp3,Golden-crowned Warbler
325867.mp3,Golden-crowned Warbler
304416.mp3,Golden-crowned Warbler
301323.mp3,Golden-crowned Warbler
299627.mp3,Golden-crowned Warbler
283676.mp3,Golden-crowned Warbler
279500.mp3,Golden-crowned Warbler
185828.mp3,Golden-crowned Warbler
185826.mp3,Golden-crowned Warbler
185824.mp3,Golden-crowned Warbler
185818.mp3,Golden-crowned Warbler
174793.mp3,Golden-crowned Warbler
174647.mp3,Golden-crowned Warbler
174559.mp3,Golden-crowned Warbler
170339.mp3,Golden-crowned Warbler
170337.mp3,Golden-crowned Warbler
155542.mp3,Golden-crowned Warbler
144903.mp3,Golden-crowned Warbler
144619.mp3,Golden-crowned Warbler
144379.mp3,Golden-crowned Warbler
83443.mp3,Golden-crowned Warbler
7350.mp3,Golden-crowned Warbler
7239.mp3,Golden-crowned Warbler
6366.mp3,Golden-crowned Warbler
631895.mp3,Golden-crowned Warbler
607988.mp3,Golden-crowned Warbler
606674.mp3,Golden-crowned Warbler
599030.mp3,Golden-crowned Warbler
586971.mp3,Golden-crowned Warbler
558870.mp3,Golden-crowned Warbler
556169.mp3,Golden-crowned Warbler
535642.mp3,Golden-crowned Warbler
528375.mp3,Golden-crowned Warbler
528371.mp3,Golden-crowned Warbler
498084.mp3,Golden-crowned Warbler
493427.mp3,Golden-crowned Warbler
462685.mp3,Golden-crowned Warbler
461359.mp3,Golden-crowned Warbler
423535.mp3,Golden-crowned Warbler
423534.mp3,Golden-crowned Warbler
423532.mp3,Golden-crowned Warbler
419257.mp3,Golden-crowned Warbler
411846.mp3,Golden-crowned Warbler
411845.mp3,Golden-crowned Warbler
384732.mp3,Golden-crowned Warbler
382485.mp3,Golden-crowned Warbler
375112.mp3,Golden-crowned Warbler
348489.mp3,Golden-crowned Warbler
341077.mp3,Golden-crowned Warbler
339822.mp3,Golden-crowned Warbler
335994.mp3,Golden-crowned Warbler
335168.mp3,Golden-crowned Warbler
334807.mp3,Golden-crowned Warbler
333052.mp3,Golden-crowned Warbler
331165.mp3,Golden-crowned Warbler
290364.mp3,Golden-crowned Warbler
234970.mp3,Golden-crowned Warbler
219580.mp3,Golden-crowned Warbler
219579.mp3,Golden-crowned Warbler
219578.mp3,Golden-crowned Warbler
219574.mp3,Golden-crowned Warbler
219573.mp3,Golden-crowned Warbler
219572.mp3,Golden-crowned Warbler
187470.mp3,Golden-crowned Warbler
84430.mp3,Golden-crowned Warbler
84424.mp3,Golden-crowned Warbler
84291.mp3,Golden-crowned Warbler
75699.mp3,Golden-crowned Warbler
69994.mp3,Golden-crowned Warbler
46963.mp3,Golden-crowned Warbler
45921.mp3,Golden-crowned Warbler
45068.mp3,Golden-crowned Warbler
41835.mp3,Golden-crowned Warbler
26741.mp3,Golden-crowned Warbler
14572.mp3,Golden-crowned Warbler
665678.mp3,Golden-crowned Warbler
660090.mp3,Golden-crowned Warbler
587452.mp3,Golden-crowned Warbler
581518.mp3,Golden-crowned Warbler
568496.mp3,Golden-crowned Warbler
564416.mp3,Golden-crowned Warbler
562053.mp3,Golden-crowned Warbler
556170.mp3,Golden-crowned Warbler
534662.mp3,Golden-crowned Warbler
513262.mp3,Golden-crowned Warbler
491630.mp3,Golden-crowned Warbler
466923.mp3,Golden-crowned Warbler
427122.mp3,Golden-crowned Warbler
388383.mp3,Golden-crowned Warbler
387944.mp3,Golden-crowned Warbler
348877.mp3,Golden-crowned Warbler
330065.mp3,Golden-crowned Warbler
291643.mp3,Golden-crowned Warbler
289612.mp3,Golden-crowned Warbler
261411.mp3,Golden-crowned Warbler
219620.mp3,Golden-crowned Warbler
219619.mp3,Golden-crowned Warbler
219618.mp3,Golden-crowned Warbler
219617.mp3,Golden-crowned Warbler
219616.mp3,Golden-crowned Warbler
219614.mp3,Golden-crowned Warbler
219613.mp3,Golden-crowned Warbler
219610.mp3,Golden-crowned Warbler
219604.mp3,Golden-crowned Warbler
219603.mp3,Golden-crowned Warbler
219602.mp3,Golden-crowned Warbler
219601.mp3,Golden-crowned Warbler
219600.mp3,Golden-crowned Warbler
219599.mp3,Golden-crowned Warbler
219586.mp3,Golden-crowned Warbler
219585.mp3,Golden-crowned Warbler
211975.mp3,Golden-crowned Warbler
206673.mp3,Golden-crowned Warbler
189579.mp3,Golden-crowned Warbler
186435.mp3,Golden-crowned Warbler
185820.mp3,Golden-crowned Warbler
185797.mp3,Golden-crowned Warbler
176158.mp3,Golden-crowned Warbler
172947.mp3,Golden-crowned Warbler
170997.mp3,Golden-crowned Warbler
166260.mp3,Golden-crowned Warbler
161581.mp3,Golden-crowned Warbler
146826.mp3,Golden-crowned Warbler
145498.mp3,Golden-crowned Warbler
123188.mp3,Golden-crowned Warbler
114521.mp3,Golden-crowned Warbler
111115.mp3,Golden-crowned Warbler
87519.mp3,Golden-crowned Warbler
86052.mp3,Golden-crowned Warbler
85930.mp3,Golden-crowned Warbler
84431.mp3,Golden-crowned Warbler
84429.mp3,Golden-crowned Warbler
84428.mp3,Golden-crowned Warbler
84427.mp3,Golden-crowned Warbler
84426.mp3,Golden-crowned Warbler
84425.mp3,Golden-crowned Warbler
84423.mp3,Golden-crowned Warbler
84422.mp3,Golden-crowned Warbler
84421.mp3,Golden-crowned Warbler
76041.mp3,Golden-crowned Warbler
75698.mp3,Golden-crowned Warbler
75540.mp3,Golden-crowned Warbler
72951.mp3,Golden-crowned Warbler
67694.mp3,Golden-crowned Warbler
62512.mp3,Golden-crowned Warbler
61048.mp3,Golden-crowned Warbler
61047.mp3,Golden-crowned Warbler
61046.mp3,Golden-crowned Warbler
58140.mp3,Golden-crowned Warbler
58139.mp3,Golden-crowned Warbler
45868.mp3,Golden-crowned Warbler
41975.mp3,Golden-crowned Warbler
20361.mp3,Golden-crowned Warbler
14574.mp3,Golden-crowned Warbler
8202.mp3,Golden-crowned Warbler
4394.mp3,Golden-crowned Warbler
1444.mp3,Golden-crowned Warbler
512.mp3,Golden-crowned Warbler
571683.mp3,Golden-crowned Warbler
289613.mp3,Golden-crowned Warbler
219626.mp3,Golden-crowned Warbler
219624.mp3,Golden-crowned Warbler
219622.mp3,Golden-crowned Warbler
219621.mp3,Golden-crowned Warbler
195449.mp3,Golden-crowned Warbler
188329.mp3,Golden-crowned Warbler
118631.mp3,Golden-crowned Warbler
89887.mp3,Golden-crowned Warbler
64825.mp3,Golden-crowned Warbler
58141.mp3,Golden-crowned Warbler
58138.mp3,Golden-crowned Warbler
33236.mp3,Golden-crowned Warbler
11288.mp3,Golden-crowned Warbler
7398.mp3,Golden-crowned Warbler
6137.mp3,Golden-crowned Warbler
4395.mp3,Golden-crowned Warbler
1261.mp3,Golden-crowned Warbler
172896.mp3,Golden-crowned Warbler
201255.mp3,Golden-crowned Warbler
14573.mp3,Golden-crowned Warbler
